gvkey,datadate,fyearq,fqtr,fyr,indfmt,consol,popsrc,datafmt,tic,conm,curcdq,datacqtr,datafqtr,atq,ceqq,cheq,chq,cshoq,dlcq,dlttq,oiadpq,oibdpq,ppentq,rectq,rectrq,saleq,xrdq,xsgaq,exchg,costat,busdesc,city,naics,sic
001690,19791231,1980,1,9,INDL,C,D,STD,AAPL,APPLE INC,USD,1979Q4,1980Q1,24.6360,12.3740,4.9680,,43.5750,,0.1970,5.1780,,1.1880,9.9200,,19.5400,,3.8170,14,A,"Apple Inc. designs, manufactures, and markets mobile communication and media devices, personal computers, and portable digital music players to consumers, small and mid-sized businesses, and education, enterprise, and government customers worldwide.",Cupertino,334220,3663
001690,19800331,1980,2,9,INDL,C,D,STD,AAPL,APPLE INC,USD,1980Q1,1980Q2,30.3530,15.7210,5.3610,,45.8380,,0.1880,5.5090,,1.5500,9.2920,,23.5500,,4.7730,14,A,"Apple Inc. designs, manufactures, and markets mobile communication and media devices, personal computers, and portable digital music players to consumers, small and mid-sized businesses, and education, enterprise, and government customers worldwide.",Cupertino,334220,3663
001690,19800630,1980,3,9,INDL,C,D,STD,AAPL,APPLE INC,USD,1980Q2,1980Q3,41.7070,19.7810,0.4150,,46.1580,,0.4270,5.4880,,2.4720,15.0690,,32.5690,,7.9980,14,A,"Apple Inc. designs, manufactures, and markets mobile communication and media devices, personal computers, and portable digital music players to consumers, small and mid-sized businesses, and education, enterprise, and government customers worldwide.",Cupertino,334220,3663
001690,19800930,1980,4,9,INDL,C,D,STD,AAPL,APPLE INC,USD,1980Q3,1980Q4,65.3500,25.9490,2.4740,,48.3970,0.2540,0.6700,7.4110,,4.7790,17.4410,,41.4670,,9.6230,14,A,"Apple Inc. designs, manufactures, and markets mobile communication and media devices, personal computers, and portable digital music players to consumers, small and mid-sized businesses, and education, enterprise, and government customers worldwide.",Cupertino,334220,3663
001690,19801231,1981,1,9,INDL,C,D,STD,AAPL,APPLE INC,USD,1980Q4,1981Q1,162.1220,131.0050,74.6880,,54.6220,,0.8000,14.9140,16.0630,9.2280,32.4840,,67.6210,,14.6900,14,A,"Apple Inc. designs, manufactures, and markets mobile communication and media devices, personal computers, and portable digital music players to consumers, small and mid-sized businesses, and education, enterprise, and government customers worldwide.",Cupertino,334220,3663
001690,19810331,1981,2,9,INDL,C,D,STD,AAPL,APPLE INC,USD,1981Q1,1981Q2,190.7390,147.0460,75.8860,,55.2370,,1.1790,14.8470,16.3900,10.2880,42.4250,,78.7650,,19.3180,14,A,"Apple Inc. designs, manufactures, and markets mobile communication and media devices, personal computers, and portable digital music players to consumers, small and mid-sized businesses, and education, enterprise, and government customers worldwide.",Cupertino,334220,3663
001690,19810630,1981,3,9,INDL,C,D,STD,AAPL,APPLE INC,USD,1981Q2,1981Q3,222.3470,164.0790,77.6380,,55.1360,1.1130,1.3900,20.2180,22.0820,15.7930,45.0120,,90.7190,,23.4140,14,A,"Apple Inc. designs, manufactures, and markets mobile communication and media devices, personal computers, and portable digital music players to consumers, small and mid-sized businesses, and education, enterprise, and government customers worldwide.",Cupertino,334220,3663
001690,19810930,1981,4,9,INDL,C,D,STD,AAPL,APPLE INC,USD,1981Q3,1981Q4,254.8380,177.3870,72.8340,,55.3090,0.9310,1.9090,16.1640,20.1980,22.3710,42.3300,,97.6780,,30.8570,14,A,"Apple Inc. designs, manufactures, and markets mobile communication and media devices, personal computers, and portable digital music players to consumers, small and mid-sized businesses, and education, enterprise, and government customers worldwide.",Cupertino,334220,3663
001690,19811231,1982,1,9,INDL,C,D,STD,AAPL,APPLE INC,USD,1981Q4,1982Q1,285.1860,192.2920,76.1570,,55.4210,,1.6880,23.2250,26.2850,27.8660,65.0430,,133.5530,,43.1790,14,A,"Apple Inc. designs, manufactures, and markets mobile communication and media devices, personal computers, and portable digital music players to consumers, small and mid-sized businesses, and education, enterprise, and government customers worldwide.",Cupertino,334220,3663
001690,19820331,1982,2,9,INDL,C,D,STD,AAPL,APPLE INC,USD,1982Q1,1982Q2,302.3890,217.2890,101.3130,,56.4880,,1.6800,23.4130,27.3070,31.6150,58.1220,,131.0190,,41.9030,14,A,"Apple Inc. designs, manufactures, and markets mobile communication and media devices, personal computers, and portable digital music players to consumers, small and mid-sized businesses, and education, enterprise, and government customers worldwide.",Cupertino,334220,3663
001690,19820630,1982,3,9,INDL,C,D,STD,AAPL,APPLE INC,USD,1982Q2,1982Q3,323.9610,234.5340,122.5210,,56.7430,,2.1310,25.0350,29.9910,33.4440,62.7340,,142.6810,,47.7490,14,A,"Apple Inc. designs, manufactures, and markets mobile communication and media devices, personal computers, and portable digital music players to consumers, small and mid-sized businesses, and education, enterprise, and government customers worldwide.",Cupertino,334220,3663
001690,19820930,1982,4,9,INDL,C,D,STD,AAPL,APPLE INC,USD,1982Q3,1982Q4,357.7870,257.0920,153.0560,,57.1230,1.1690,2.0520,30.5360,35.1820,34.4830,71.4780,,175.8080,,60.0200,14,A,"Apple Inc. designs, manufactures, and markets mobile communication and media devices, personal computers, and portable digital music players to consumers, small and mid-sized businesses, and education, enterprise, and government customers worldwide.",Cupertino,334220,3663
001690,19821231,1983,1,9,INDL,C,D,STD,AAPL,APPLE INC,USD,1982Q4,1983Q1,408.1570,289.7430,191.8650,,57.6480,,1.8030,41.0580,46.1500,35.7490,85.8000,,214.2930,,74.8270,14,A,"Apple Inc. designs, manufactures, and markets mobile communication and media devices, personal computers, and portable digital music players to consumers, small and mid-sized businesses, and education, enterprise, and government customers worldwide.",Cupertino,334220,3663
001690,19830331,1983,2,9,INDL,C,D,STD,AAPL,APPLE INC,USD,1983Q1,1983Q2,459.4570,325.7440,209.5380,,58.2950,,1.6170,42.4320,47.8020,40.5230,102.8120,,227.9820,,74.4840,14,A,"Apple Inc. designs, manufactures, and markets mobile communication and media devices, personal computers, and portable digital music players to consumers, small and mid-sized businesses, and education, enterprise, and government customers worldwide.",Cupertino,334220,3663
001690,19830630,1983,3,9,INDL,C,D,STD,AAPL,APPLE INC,USD,1983Q2,1983Q3,525.1920,360.7460,188.6310,,60.4410,,1.4600,43.5180,49.8900,51.8610,119.5950,,267.2840,,84.7920,14,A,"Apple Inc. designs, manufactures, and markets mobile communication and media devices, personal computers, and portable digital music players to consumers, small and mid-sized businesses, and education, enterprise, and government customers worldwide.",Cupertino,334220,3663
001690,19830930,1983,4,9,INDL,C,D,STD,AAPL,APPLE INC,USD,1983Q3,1983Q4,556.5790,377.9010,143.2840,,59.1980,,1.3080,2.6310,8.2370,67.0500,136.4200,,273.2100,,113.2620,14,A,"Apple Inc. designs, manufactures, and markets mobile communication and media devices, personal computers, and portable digital music players to consumers, small and mid-sized businesses, and education, enterprise, and government customers worldwide.",Cupertino,334220,3663
001690,19831231,1984,1,9,INDL,C,D,STD,AAPL,APPLE INC,USD,1983Q4,1984Q1,607.4810,386.1520,187.4850,,59.4100,,1.1580,5.4600,11.7850,75.2230,174.4970,,316.2280,,127.9400,14,A,"Apple Inc. designs, manufactures, and markets mobile communication and media devices, personal computers, and portable digital music players to consumers, small and mid-sized businesses, and education, enterprise, and government customers worldwide.",Cupertino,334220,3663
001690,19840331,1984,2,9,INDL,C,D,STD,AAPL,APPLE INC,USD,1984Q1,1984Q2,626.2970,401.4700,203.4440,,59.8470,,1.0140,12.8120,22.9490,74.1990,147.4860,,300.1020,,108.9620,14,A,"Apple Inc. designs, manufactures, and markets mobile communication and media devices, personal computers, and portable digital music players to consumers, small and mid-sized businesses, and education, enterprise, and government customers worldwide.",Cupertino,334220,3663
001690,19840630,1984,3,9,INDL,C,D,STD,AAPL,APPLE INC,USD,1984Q2,1984Q3,707.9520,424.3420,194.2860,,60.1170,,0.8740,26.8010,31.8420,72.3110,196.8040,,422.1430,,148.2490,14,A,"Apple Inc. designs, manufactures, and markets mobile communication and media devices, personal computers, and portable digital music players to consumers, small and mid-sized businesses, and education, enterprise, and government customers worldwide.",Cupertino,334220,3663
001690,19840930,1984,4,9,INDL,C,D,STD,AAPL,APPLE INC,USD,1984Q3,1984Q4,788.7850,464.5640,114.8880,,60.5350,,0.0000,46.3710,62.8310,75.8680,258.2370,,477.3990,,160.6910,14,A,"Apple Inc. designs, manufactures, and markets mobile communication and media devices, personal computers, and portable digital music players to consumers, small and mid-sized businesses, and education, enterprise, and government customers worldwide.",Cupertino,334220,3663
001690,19841231,1985,1,9,INDL,C,D,STD,AAPL,APPLE INC,USD,1984Q4,1985Q1,966.5500,514.0380,195.3890,,60.7240,,0.0000,87.0980,94.6480,86.9730,313.1950,,698.2960,,195.3960,14,A,"Apple Inc. designs, manufactures, and markets mobile communication and media devices, personal computers, and portable digital music players to consumers, small and mid-sized businesses, and education, enterprise, and government customers worldwide.",Cupertino,334220,3663
001690,19850331,1985,2,9,INDL,C,D,STD,AAPL,APPLE INC,USD,1985Q1,1985Q2,875.9590,539.5230,194.1670,,61.5170,,0.0000,15.6860,15.8620,100.5140,220.3110,,435.3440,,159.7300,14,A,"Apple Inc. designs, manufactures, and markets mobile communication and media devices, personal computers, and portable digital music players to consumers, small and mid-sized businesses, and education, enterprise, and government customers worldwide.",Cupertino,334220,3663
001690,19850630,1985,3,9,INDL,C,D,STD,AAPL,APPLE INC,USD,1985Q2,1985Q3,872.9820,523.6740,254.6080,,61.6200,,0.0000,2.2610,22.4200,100.7290,174.4970,,374.9290,,152.2050,14,A,"Apple Inc. designs, manufactures, and markets mobile communication and media devices, personal computers, and portable digital music players to consumers, small and mid-sized businesses, and education, enterprise, and government customers worldwide.",Cupertino,334220,3663
001690,19850930,1985,4,9,INDL,C,D,STD,AAPL,APPLE INC,USD,1985Q3,1985Q4,936.1760,550.4860,337.0120,,61.8500,0.0000,0.0000,34.6880,48.6440,90.4460,220.1570,,409.7090,,153.3510,14,A,"Apple Inc. designs, manufactures, and markets mobile communication and media devices, personal computers, and portable digital music players to consumers, small and mid-sized businesses, and education, enterprise, and government customers worldwide.",Cupertino,334220,3663
001690,19851231,1986,1,9,INDL,C,D,STD,AAPL,APPLE INC,USD,1985Q4,1986Q1,1022.0220,613.8390,441.5300,,62.2890,0.0000,0.0000,110.7570,123.8970,87.6160,260.2790,,533.8900,,160.1740,14,A,"Apple Inc. designs, manufactures, and markets mobile communication and media devices, personal computers, and portable digital music players to consumers, small and mid-sized businesses, and education, enterprise, and government customers worldwide.",Cupertino,334220,3663
001690,19860331,1986,2,9,INDL,C,D,STD,AAPL,APPLE INC,USD,1986Q1,1986Q2,1056.2980,665.1730,518.7620,,63.4110,0.0000,0.0000,56.0140,68.2940,88.4400,208.5280,,408.9430,,175.3460,14,A,"Apple Inc. designs, manufactures, and markets mobile communication and media devices, personal computers, and portable digital music players to consumers, small and mid-sized businesses, and education, enterprise, and government customers worldwide.",Cupertino,334220,3663
001690,19860630,1986,3,9,INDL,C,D,STD,AAPL,APPLE INC,USD,1986Q2,1986Q3,1115.4320,710.2110,568.0270,,63.9230,0.0000,0.0000,55.2410,68.0110,102.5040,233.0430,,448.2790,,180.7910,14,A,"Apple Inc. designs, manufactures, and markets mobile communication and media devices, personal computers, and portable digital music players to consumers, small and mid-sized businesses, and education, enterprise, and government customers worldwide.",Cupertino,334220,3663
001690,19860930,1986,4,9,INDL,C,D,STD,AAPL,APPLE INC,USD,1986Q3,1986Q4,1160.1270,694.0870,576.2140,,62.6280,0.0000,0.0000,51.5190,64.4040,107.3150,263.1260,,510.7860,,220.9440,14,A,"Apple Inc. designs, manufactures, and markets mobile communication and media devices, personal computers, and portable digital music players to consumers, small and mid-sized businesses, and education, enterprise, and government customers worldwide.",Cupertino,334220,3663
001690,19861231,1987,1,9,INDL,C,D,STD,AAPL,APPLE INC,USD,1986Q4,1987Q1,1274.9060,758.2570,631.2350,,62.7510,0.0000,0.0000,101.1950,118.4640,107.9490,334.9230,,662.2530,,241.7750,14,A,"Apple Inc. designs, manufactures, and markets mobile communication and media devices, personal computers, and portable digital music players to consumers, small and mid-sized businesses, and education, enterprise, and government customers worldwide.",Cupertino,334220,3663
001690,19870331,1987,2,9,INDL,C,D,STD,AAPL,APPLE INC,USD,1987Q1,1987Q2,1375.4650,834.9380,702.4350,,64.0180,0.0000,0.0000,56.0100,71.9080,115.7860,294.8340,,575.3270,,231.8340,14,A,"Apple Inc. designs, manufactures, and markets mobile communication and media devices, personal computers, and portable digital music players to consumers, small and mid-sized businesses, and education, enterprise, and government customers worldwide.",Cupertino,334220,3663
001690,19870630,1987,3,9,INDL,C,D,STD,AAPL,APPLE INC,USD,1987Q2,1987Q3,1388.6480,780.0280,623.9840,,125.6830,0.0000,0.0000,91.7880,108.2420,124.9330,304.0990,,637.0640,,235.4230,14,A,"Apple Inc. designs, manufactures, and markets mobile communication and media devices, personal computers, and portable digital music players to consumers, small and mid-sized businesses, and education, enterprise, and government customers worldwide.",Cupertino,334220,3663
001690,19870930,1987,4,9,INDL,C,D,STD,AAPL,APPLE INC,USD,1987Q3,1987Q4,1477.9310,836.4880,565.0940,,126.0880,0.0000,0.0000,122.4450,143.3400,130.4340,405.6370,,786.4240,,284.3780,14,A,"Apple Inc. designs, manufactures, and markets mobile communication and media devices, personal computers, and portable digital music players to consumers, small and mid-sized businesses, and education, enterprise, and government customers worldwide.",Cupertino,334220,3663
001690,19871231,1988,1,9,INDL,C,D,STD,AAPL,APPLE INC,USD,1987Q4,1988Q1,1622.9000,869.0160,655.3290,,124.1780,0.0000,0.0000,189.4360,208.9720,149.2350,429.8250,,1042.4420,,353.8100,14,A,"Apple Inc. designs, manufactures, and markets mobile communication and media devices, personal computers, and portable digital music players to consumers, small and mid-sized businesses, and education, enterprise, and government customers worldwide.",Cupertino,334220,3663
001690,19880331,1988,2,9,INDL,C,D,STD,AAPL,APPLE INC,USD,1988Q1,1988Q2,1627.9760,905.3030,611.1420,,123.8820,0.0000,0.0000,119.2050,137.1510,167.5310,436.0360,,867.1610,,332.0220,14,A,"Apple Inc. designs, manufactures, and markets mobile communication and media devices, personal computers, and portable digital music players to consumers, small and mid-sized businesses, and education, enterprise, and government customers worldwide.",Cupertino,334220,3663
001690,19880630,1988,3,9,INDL,C,D,STD,AAPL,APPLE INC,USD,1988Q2,1988Q3,1695.0180,914.5660,523.7880,,122.5910,0.0000,0.0000,137.4440,155.2990,183.4960,459.8800,,993.0510,,373.9230,14,A,"Apple Inc. designs, manufactures, and markets mobile communication and media devices, personal computers, and portable digital music players to consumers, small and mid-sized businesses, and education, enterprise, and government customers worldwide.",Cupertino,334220,3663
001690,19880930,1988,4,9,INDL,C,D,STD,AAPL,APPLE INC,USD,1988Q3,1988Q4,2082.0860,1003.4250,545.7170,,122.7680,127.8710,0.0000,174.2530,196.5930,207.3570,638.8160,,1168.7190,,400.4010,14,A,"Apple Inc. designs, manufactures, and markets mobile communication and media devices, personal computers, and portable digital music players to consumers, small and mid-sized businesses, and education, enterprise, and government customers worldwide.",Cupertino,334220,3663
001690,19881231,1989,1,9,INDL,C,D,STD,AAPL,APPLE INC,USD,1988Q4,1989Q1,2276.1470,1143.2960,609.3310,,123.1890,149.5860,0.0000,227.0990,253.1810,260.3690,656.9000,,1405.1370,99.1860,462.5020,14,A,"Apple Inc. designs, manufactures, and markets mobile communication and media devices, personal computers, and portable digital music players to consumers, small and mid-sized businesses, and education, enterprise, and government customers worldwide.",Cupertino,334220,3663
001690,19890331,1989,2,9,INDL,C,D,STD,AAPL,APPLE INC,USD,1989Q1,1989Q2,2321.0200,1205.3380,539.8690,,124.2230,145.3960,0.0000,85.6550,110.9790,285.4430,729.2920,,1246.9170,104.2640,490.8640,14,A,"Apple Inc. designs, manufactures, and markets mobile communication and media devices, personal computers, and portable digital music players to consumers, small and mid-sized businesses, and education, enterprise, and government customers worldwide.",Cupertino,334220,3663
001690,19890630,1989,3,9,INDL,C,D,STD,AAPL,APPLE INC,USD,1989Q2,1989Q3,2400.4710,1319.4890,706.7170,,125.5720,66.6080,0.0000,149.9110,183.2530,310.9420,650.1930,,1248.2120,103.4870,466.8400,14,A,"Apple Inc. designs, manufactures, and markets mobile communication and media devices, personal computers, and portable digital music players to consumers, small and mid-sized businesses, and education, enterprise, and government customers worldwide.",Cupertino,334220,3663
001690,19890930,1989,4,9,INDL,C,D,STD,AAPL,APPLE INC,USD,1989Q3,1989Q4,2743.8990,1485.7460,808.9500,,126.2700,56.7510,0.0000,171.6480,211.7000,334.2270,792.8240,,1383.7470,113.1460,534.6710,14,A,"Apple Inc. designs, manufactures, and markets mobile communication and media devices, personal computers, and portable digital music players to consumers, small and mid-sized businesses, and education, enterprise, and government customers worldwide.",Cupertino,334220,3663
001690,19891231,1990,1,9,INDL,C,D,STD,AAPL,APPLE INC,USD,1989Q4,1990Q1,2813.3340,1523.8230,907.8630,,125.2020,67.8990,0.0000,223.7570,271.5100,361.9360,749.0300,,1493.3830,106.3110,553.4160,14,A,"Apple Inc. designs, manufactures, and markets mobile communication and media devices, personal computers, and portable digital music players to consumers, small and mid-sized businesses, and education, enterprise, and government customers worldwide.",Cupertino,334220,3663
001690,19900331,1990,2,9,INDL,C,D,STD,AAPL,APPLE INC,USD,1990Q1,1990Q2,2775.6700,1550.8940,995.8390,,123.2700,19.9730,0.0000,199.1720,243.4630,368.2740,658.7730,,1346.2020,115.2350,537.4400,14,A,"Apple Inc. designs, manufactures, and markets mobile communication and media devices, personal computers, and portable digital music players to consumers, small and mid-sized businesses, and education, enterprise, and government customers worldwide.",Cupertino,334220,3663
001690,19900630,1990,3,9,INDL,C,D,STD,AAPL,APPLE INC,USD,1990Q2,1990Q3,2889.5360,1506.8470,1043.7770,,119.6680,24.8970,0.0000,182.2410,232.0990,378.7040,705.5080,,1364.7600,124.1710,554.3310,14,A,"Apple Inc. designs, manufactures, and markets mobile communication and media devices, personal computers, and portable digital music players to consumers, small and mid-sized businesses, and education, enterprise, and government customers worldwide.",Cupertino,334220,3663
001690,19900930,1990,4,9,INDL,C,D,STD,AAPL,APPLE INC,USD,1990Q3,1990Q4,2975.7070,1446.8200,997.0910,,115.3590,122.6300,0.0000,140.5150,201.2990,398.1650,761.8680,,1354.0900,132.3020,561.3400,14,A,"Apple Inc. designs, manufactures, and markets mobile communication and media devices, personal computers, and portable digital music players to consumers, small and mid-sized businesses, and education, enterprise, and government customers worldwide.",Cupertino,334220,3663
001690,19901231,1991,1,9,INDL,C,D,STD,AAPL,APPLE INC,USD,1990Q4,1991Q1,3157.2580,1545.0730,983.7140,,114.3140,23.0000,0.0000,228.3920,275.5230,436.2520,853.4570,,1675.5060,140.0650,632.2520,14,A,"Apple Inc. designs, manufactures, and markets mobile communication and media devices, personal computers, and portable digital music players to consumers, small and mid-sized businesses, and education, enterprise, and government customers worldwide.",Cupertino,334220,3663
001690,19910331,1991,2,9,INDL,C,D,STD,AAPL,APPLE INC,USD,1991Q1,1991Q2,3422.1760,1814.3780,1041.2940,,118.9560,5.9980,0.0000,186.5450,232.4430,435.9000,790.9320,,1597.6780,146.4500,592.5260,14,A,"Apple Inc. designs, manufactures, and markets mobile communication and media devices, personal computers, and portable digital music players to consumers, small and mid-sized businesses, and education, enterprise, and government customers worldwide.",Cupertino,334220,3663
001690,19910630,1991,3,9,INDL,C,D,STD,AAPL,APPLE INC,USD,1991Q2,1991Q3,3455.4610,1666.3470,889.7440,,117.4900,156.3270,0.0000,135.2020,188.6360,445.1360,767.0950,,1528.6040,151.6280,565.0480,14,A,"Apple Inc. designs, manufactures, and markets mobile communication and media devices, personal computers, and portable digital music players to consumers, small and mid-sized businesses, and education, enterprise, and government customers worldwide.",Cupertino,334220,3663
001690,19910930,1991,4,9,INDL,C,D,STD,AAPL,APPLE INC,USD,1991Q3,1991Q4,3493.5970,1766.6760,892.7190,,118.3860,148.5660,0.0000,121.2530,179.2230,447.9780,907.1590,,1507.0610,144.9030,533.5130,14,A,"Apple Inc. designs, manufactures, and markets mobile communication and media devices, personal computers, and portable digital music players to consumers, small and mid-sized businesses, and education, enterprise, and government customers worldwide.",Cupertino,334220,3663
001690,19911231,1992,1,9,INDL,C,D,STD,AAPL,APPLE INC,USD,1991Q4,1992Q1,3745.4640,1922.7680,988.4980,,118.4900,45.7360,0.0000,262.6540,312.4150,456.1300,973.4970,,1862.6120,131.0650,550.6270,14,A,"Apple Inc. designs, manufactures, and markets mobile communication and media devices, personal computers, and portable digital music players to consumers, small and mid-sized businesses, and education, enterprise, and government customers worldwide.",Cupertino,334220,3663
001690,19920331,1992,2,9,INDL,C,D,STD,AAPL,APPLE INC,USD,1992Q1,1992Q2,3940.8740,2086.9500,1335.8550,,120.1640,136.2620,0.0000,210.4050,260.6730,457.9080,873.3190,,1716.0250,135.9150,545.1240,14,A,"Apple Inc. designs, manufactures, and markets mobile communication and media devices, personal computers, and portable digital music players to consumers, small and mid-sized businesses, and education, enterprise, and government customers worldwide.",Cupertino,334220,3663
001690,19920630,1992,3,9,INDL,C,D,STD,AAPL,APPLE INC,USD,1992Q2,1992Q3,4121.1520,2121.3950,1475.5630,,118.5860,180.2040,0.0000,201.0610,258.1880,467.9010,956.6290,,1740.1710,156.6090,570.2660,14,A,"Apple Inc. designs, manufactures, and markets mobile communication and media devices, personal computers, and portable digital music players to consumers, small and mid-sized businesses, and education, enterprise, and government customers worldwide.",Cupertino,334220,3663
001690,19920930,1992,4,9,INDL,C,D,STD,AAPL,APPLE INC,USD,1992Q3,1992Q4,4223.6910,2187.3700,1435.5000,,118.4790,184.4610,0.0000,131.6880,191.7140,462.2210,1087.1850,,1767.7340,178.5460,623.3800,14,A,"Apple Inc. designs, manufactures, and markets mobile communication and media devices, personal computers, and portable digital music players to consumers, small and mid-sized businesses, and education, enterprise, and government customers worldwide.",Cupertino,334220,3663
001690,19921231,1993,1,9,INDL,C,D,STD,AAPL,APPLE INC,USD,1992Q4,1993Q1,4494.6050,2282.7980,1445.8660,,117.8410,190.5870,0.0000,240.7850,280.1860,639.3330,1198.7380,,2000.2920,160.2820,570.1400,14,A,"Apple Inc. designs, manufactures, and markets mobile communication and media devices, personal computers, and portable digital music players to consumers, small and mid-sized businesses, and education, enterprise, and government customers worldwide.",Cupertino,334220,3663
001690,19930331,1993,2,9,INDL,C,D,STD,AAPL,APPLE INC,USD,1993Q1,1993Q2,4470.0860,2286.2100,1079.3770,,116.5950,59.9210,0.0000,169.0660,211.9080,650.3130,1285.7430,,1973.8940,166.0070,591.6970,14,A,"Apple Inc. designs, manufactures, and markets mobile communication and media devices, personal computers, and portable digital music players to consumers, small and mid-sized businesses, and education, enterprise, and government customers worldwide.",Cupertino,334220,3663
001690,19930630,1993,3,9,INDL,C,D,STD,AAPL,APPLE INC,USD,1993Q2,1993Q3,4767.9800,2020.4690,856.8110,,115.6140,308.1790,0.0000,14.1900,55.5830,659.5200,1265.3590,,1861.9790,174.1690,591.8140,14,A,"Apple Inc. designs, manufactures, and markets mobile communication and media devices, personal computers, and portable digital music players to consumers, small and mid-sized businesses, and education, enterprise, and government customers worldwide.",Cupertino,334220,3663
001690,19930930,1993,4,9,INDL,C,D,STD,AAPL,APPLE INC,USD,1993Q3,1993Q4,5171.4100,2026.3780,892.3030,,116.1470,823.1820,0.0000,7.1530,49.6300,659.5460,1381.9460,,2140.7890,164.1060,543.2750,14,A,"Apple Inc. designs, manufactures, and markets mobile communication and media devices, personal computers, and portable digital music players to consumers, small and mid-sized businesses, and education, enterprise, and government customers worldwide.",Cupertino,334220,3663
001690,19931231,1994,1,9,INDL,C,D,STD,AAPL,APPLE INC,USD,1993Q4,1994Q1,5042.4380,2053.2590,1122.7750,,116.4950,752.2570,0.0000,64.7070,107.3130,642.3360,1247.9540,,2468.8540,152.6120,527.3170,14,A,"Apple Inc. designs, manufactures, and markets mobile communication and media devices, personal computers, and portable digital music players to consumers, small and mid-sized businesses, and education, enterprise, and government customers worldwide.",Cupertino,334220,3663
001690,19940331,1994,2,9,INDL,C,D,STD,AAPL,APPLE INC,USD,1994Q1,1994Q2,5285.8830,2109.0890,1105.9890,,118.1400,490.6630,304.9350,34.7350,72.7890,676.7180,1343.1920,,2076.7000,134.1420,464.3290,14,A,"Apple Inc. designs, manufactures, and markets mobile communication and media devices, personal computers, and portable digital music players to consumers, small and mid-sized businesses, and education, enterprise, and government customers worldwide.",Cupertino,334220,3663
001690,19940630,1994,3,9,INDL,C,D,STD,AAPL,APPLE INC,USD,1994Q2,1994Q3,5123.4100,2245.1150,1228.2940,,118.3330,515.6080,304.8150,105.5660,147.2440,664.9820,1277.0830,,2149.9080,135.4390,468.3060,14,A,"Apple Inc. designs, manufactures, and markets mobile communication and media devices, personal computers, and portable digital music players to consumers, small and mid-sized businesses, and education, enterprise, and government customers worldwide.",Cupertino,334220,3663
001690,19940930,1994,4,9,INDL,C,D,STD,AAPL,APPLE INC,USD,1994Q3,1994Q4,5302.7420,2383.3010,1257.8560,,119.5430,292.2000,304.4720,190.4110,236.0310,667.1000,1581.3470,,2493.2860,142.1100,488.4620,14,A,"Apple Inc. designs, manufactures, and markets mobile communication and media devices, personal computers, and portable digital music players to consumers, small and mid-sized businesses, and education, enterprise, and government customers worldwide.",Cupertino,334220,3663
001690,19941231,1995,1,9,INDL,C,D,STD,AAPL,APPLE INC,USD,1994Q4,1995Q1,5533.0000,2562.0000,1587.0000,,119.8900,209.0000,304.0000,267.0000,305.0000,661.0000,1599.0000,,2832.0000,132.0000,547.0000,14,A,"Apple Inc. designs, manufactures, and markets mobile communication and media devices, personal computers, and portable digital music players to consumers, small and mid-sized businesses, and education, enterprise, and government customers worldwide.",Cupertino,334220,3663
001690,19950331,1995,2,9,INDL,C,D,STD,AAPL,APPLE INC,USD,1995Q1,1995Q2,6050.0000,2714.0000,1986.0000,,121.0930,627.0000,304.0000,166.0000,195.0000,663.0000,1633.0000,,2652.0000,143.0000,529.0000,14,A,"Apple Inc. designs, manufactures, and markets mobile communication and media devices, personal computers, and portable digital music players to consumers, small and mid-sized businesses, and education, enterprise, and government customers worldwide.",Cupertino,334220,3663
001690,19950630,1995,3,9,INDL,C,D,STD,AAPL,APPLE INC,USD,1995Q2,1995Q3,6112.0000,2828.0000,1676.0000,,121.9050,406.0000,303.0000,156.0000,193.0000,691.0000,1553.0000,,2575.0000,168.0000,572.0000,14,A,"Apple Inc. designs, manufactures, and markets mobile communication and media devices, personal computers, and portable digital music players to consumers, small and mid-sized businesses, and education, enterprise, and government customers worldwide.",Cupertino,334220,3663
001690,19950930,1995,4,9,INDL,C,D,STD,AAPL,APPLE INC,USD,1995Q3,1995Q4,6231.0000,2901.0000,952.0000,,122.9220,461.0000,303.0000,72.0000,95.0000,711.0000,1931.0000,,3003.0000,171.0000,549.0000,14,A,"Apple Inc. designs, manufactures, and markets mobile communication and media devices, personal computers, and portable digital music players to consumers, small and mid-sized businesses, and education, enterprise, and government customers worldwide.",Cupertino,334220,3663
001690,19951231,1996,1,9,INDL,C,D,STD,AAPL,APPLE INC,USD,1995Q4,1996Q1,6553.0000,2794.0000,1100.0000,,123.1180,498.0000,304.0000,-119.0000,-77.0000,712.0000,1944.0000,,3148.0000,153.0000,594.0000,14,A,"Apple Inc. designs, manufactures, and markets mobile communication and media devices, personal computers, and portable digital music players to consumers, small and mid-sized businesses, and education, enterprise, and government customers worldwide.",Cupertino,334220,3663
001690,19960331,1996,2,9,INDL,C,D,STD,AAPL,APPLE INC,USD,1996Q1,1996Q2,5234.0000,2056.0000,592.0000,,123.6850,352.0000,303.0000,-975.0000,-929.0000,692.0000,1366.0000,,2185.0000,150.0000,554.0000,14,A,"Apple Inc. designs, manufactures, and markets mobile communication and media devices, personal computers, and portable digital music players to consumers, small and mid-sized businesses, and education, enterprise, and government customers worldwide.",Cupertino,334220,3663
001690,19960630,1996,3,9,INDL,C,D,STD,AAPL,APPLE INC,USD,1996Q2,1996Q3,5345.0000,2020.0000,1359.0000,,123.7850,187.0000,949.0000,-116.0000,-94.0000,615.0000,1292.0000,,2179.0000,155.0000,519.0000,14,A,"Apple Inc. designs, manufactures, and markets mobile communication and media devices, personal computers, and portable digital music players to consumers, small and mid-sized businesses, and education, enterprise, and government customers worldwide.",Cupertino,334220,3663
001690,19960930,1996,4,9,INDL,C,D,STD,AAPL,APPLE INC,USD,1996Q3,1996Q4,5364.0000,2058.0000,1745.0000,,124.4970,186.0000,949.0000,6.0000,52.0000,598.0000,1496.0000,,2321.0000,146.0000,505.0000,14,A,"Apple Inc. designs, manufactures, and markets mobile communication and media devices, personal computers, and portable digital music players to consumers, small and mid-sized businesses, and education, enterprise, and government customers worldwide.",Cupertino,334220,3663
001690,19961231,1997,1,9,INDL,C,D,STD,AAPL,APPLE INC,USD,1996Q4,1997Q1,5272.0000,1942.0000,1807.0000,,124.5850,180.0000,950.0000,-124.0000,-99.0000,593.0000,1492.0000,,2129.0000,149.0000,521.0000,14,A,"Apple Inc. designs, manufactures, and markets mobile communication and media devices, personal computers, and portable digital music players to consumers, small and mid-sized businesses, and education, enterprise, and government customers worldwide.",Cupertino,334220,3663
001690,19970331,1997,2,9,INDL,C,D,STD,AAPL,APPLE INC,USD,1997Q1,1997Q2,4487.0000,1242.0000,1459.0000,,126.4250,133.0000,952.0000,-186.0000,-156.0000,556.0000,1149.0000,,1601.0000,141.0000,489.0000,14,A,"Apple Inc. designs, manufactures, and markets mobile communication and media devices, personal computers, and portable digital music players to consumers, small and mid-sized businesses, and education, enterprise, and government customers worldwide.",Cupertino,334220,3663
001690,19970630,1997,3,9,INDL,C,D,STD,AAPL,APPLE INC,USD,1997Q2,1997Q3,4341.0000,1196.0000,1230.0000,,126.5590,127.0000,951.0000,-60.0000,-38.0000,540.0000,1207.0000,,1737.0000,101.0000,408.0000,14,A,"Apple Inc. designs, manufactures, and markets mobile communication and media devices, personal computers, and portable digital music players to consumers, small and mid-sized businesses, and education, enterprise, and government customers worldwide.",Cupertino,334220,3663
001690,19970930,1997,4,9,INDL,C,D,STD,AAPL,APPLE INC,USD,1997Q3,1997Q4,4233.0000,1050.0000,1459.0000,,127.9490,25.0000,951.0000,-33.0000,8.0000,486.0000,1035.0000,,1614.0000,94.0000,353.0000,14,A,"Apple Inc. designs, manufactures, and markets mobile communication and media devices, personal computers, and portable digital music players to consumers, small and mid-sized businesses, and education, enterprise, and government customers worldwide.",Cupertino,334220,3663
001690,19971231,1998,1,9,INDL,C,D,STD,AAPL,APPLE INC,USD,1997Q4,1998Q1,4126.0000,1094.0000,1627.0000,,128.0190,24.0000,952.0000,40.0000,68.0000,429.0000,902.0000,,1578.0000,79.0000,313.0000,14,A,"Apple Inc. designs, manufactures, and markets mobile communication and media devices, personal computers, and portable digital music players to consumers, small and mid-sized businesses, and education, enterprise, and government customers worldwide.",Cupertino,334220,3663
001690,19980331,1998,2,9,INDL,C,D,STD,AAPL,APPLE INC,USD,1998Q1,1998Q2,3963.0000,1238.0000,1823.0000,,132.9910,23.0000,953.0000,51.0000,79.0000,415.0000,807.0000,,1405.0000,75.0000,298.0000,14,A,"Apple Inc. designs, manufactures, and markets mobile communication and media devices, personal computers, and portable digital music players to consumers, small and mid-sized businesses, and education, enterprise, and government customers worldwide.",Cupertino,334220,3663
001690,19980630,1998,3,9,INDL,C,D,STD,AAPL,APPLE INC,USD,1998Q2,1998Q3,4041.0000,1336.0000,1993.0000,,133.1310,0.0000,953.0000,68.0000,100.0000,365.0000,915.0000,,1402.0000,83.0000,292.0000,14,A,"Apple Inc. designs, manufactures, and markets mobile communication and media devices, personal computers, and portable digital music players to consumers, small and mid-sized businesses, and education, enterprise, and government customers worldwide.",Cupertino,334220,3663
001690,19980930,1998,4,9,INDL,C,D,STD,AAPL,APPLE INC,USD,1998Q3,1998Q4,4289.0000,1492.0000,2300.0000,,135.1930,0.0000,954.0000,109.0000,132.0000,348.0000,955.0000,,1556.0000,73.0000,308.0000,14,A,"Apple Inc. designs, manufactures, and markets mobile communication and media devices, personal computers, and portable digital music players to consumers, small and mid-sized businesses, and education, enterprise, and government customers worldwide.",Cupertino,334220,3663
001690,19981231,1999,1,9,INDL,C,D,STD,AAPL,APPLE INC,USD,1998Q4,1999Q1,4592.0000,1773.0000,2578.0000,,135.3490,0.0000,954.0000,127.0000,150.0000,344.0000,913.0000,,1710.0000,76.0000,355.0000,14,A,"Apple Inc. designs, manufactures, and markets mobile communication and media devices, personal computers, and portable digital music players to consumers, small and mid-sized businesses, and education, enterprise, and government customers worldwide.",Cupertino,334220,3663
001690,19990331,1999,2,9,INDL,C,D,STD,AAPL,APPLE INC,USD,1999Q1,1999Q2,4935.0000,2025.0000,2922.0000,,136.6570,0.0000,955.0000,88.0000,112.0000,330.0000,804.0000,,1530.0000,76.0000,315.0000,14,A,"Apple Inc. designs, manufactures, and markets mobile communication and media devices, personal computers, and portable digital music players to consumers, small and mid-sized businesses, and education, enterprise, and government customers worldwide.",Cupertino,334220,3663
001690,19990630,1999,3,9,INDL,C,D,STD,AAPL,APPLE INC,USD,1999Q2,1999Q3,5019.0000,2820.0000,3106.0000,,160.1270,0.0000,300.0000,104.0000,123.0000,313.0000,896.0000,,1558.0000,80.0000,323.0000,14,A,"Apple Inc. designs, manufactures, and markets mobile communication and media devices, personal computers, and portable digital music players to consumers, small and mid-sized businesses, and education, enterprise, and government customers worldwide.",Cupertino,334220,3663
001690,19990930,1999,4,9,INDL,C,D,STD,AAPL,APPLE INC,USD,1999Q3,1999Q4,5161.0000,2954.0000,3226.0000,,160.7990,0.0000,300.0000,67.0000,86.0000,318.0000,681.0000,,1336.0000,82.0000,317.0000,14,A,"Apple Inc. designs, manufactures, and markets mobile communication and media devices, personal computers, and portable digital music players to consumers, small and mid-sized businesses, and education, enterprise, and government customers worldwide.",Cupertino,334220,3663
001690,19991231,2000,1,9,INDL,C,D,STD,AAPL,APPLE INC,USD,1999Q4,2000Q1,7586.0000,4264.0000,3660.0000,,161.2240,0.0000,300.0000,198.0000,218.0000,318.0000,892.0000,,2343.0000,90.0000,409.0000,14,A,"Apple Inc. designs, manufactures, and markets mobile communication and media devices, personal computers, and portable digital music players to consumers, small and mid-sized businesses, and education, enterprise, and government customers worldwide.",Cupertino,334220,3663
001690,20000331,2000,2,9,INDL,C,D,STD,AAPL,APPLE INC,USD,2000Q1,2000Q2,7007.0000,4065.0000,3609.0000,,162.6800,0.0000,300.0000,170.0000,191.0000,314.0000,940.0000,,1945.0000,92.0000,379.0000,14,A,"Apple Inc. designs, manufactures, and markets mobile communication and media devices, personal computers, and portable digital music players to consumers, small and mid-sized businesses, and education, enterprise, and government customers worldwide.",Cupertino,334220,3663
001690,20000630,2000,3,9,INDL,C,D,STD,AAPL,APPLE INC,USD,2000Q2,2000Q3,6932.0000,4026.0000,3826.0000,,324.8260,0.0000,300.0000,168.0000,193.0000,314.0000,967.0000,,1825.0000,97.0000,375.0000,14,A,"Apple Inc. designs, manufactures, and markets mobile communication and media devices, personal computers, and portable digital music players to consumers, small and mid-sized businesses, and education, enterprise, and government customers worldwide.",Cupertino,334220,3663
001690,20000930,2000,4,9,INDL,C,D,STD,AAPL,APPLE INC,USD,2000Q3,2000Q4,6803.0000,4031.0000,4027.0000,,335.6770,0.0000,300.0000,84.0000,102.0000,313.0000,953.0000,,1870.0000,101.0000,383.0000,14,A,"Apple Inc. designs, manufactures, and markets mobile communication and media devices, personal computers, and portable digital music players to consumers, small and mid-sized businesses, and education, enterprise, and government customers worldwide.",Cupertino,334220,3663
001690,20001231,2001,1,9,INDL,C,D,STD,AAPL,APPLE INC,USD,2000Q4,2001Q1,5986.0000,3709.0000,4065.0000,,345.3070,0.0000,311.0000,-420.0000,-396.0000,325.0000,441.0000,,1007.0000,102.0000,399.0000,14,A,"Apple Inc. designs, manufactures, and markets mobile communication and media devices, personal computers, and portable digital music players to consumers, small and mid-sized businesses, and education, enterprise, and government customers worldwide.",Cupertino,334220,3663
001690,20010331,2001,2,9,INDL,C,D,STD,AAPL,APPLE INC,USD,2001Q1,2001Q2,6130.0000,3738.0000,4144.0000,,346.5410,0.0000,317.0000,-8.0000,14.0000,331.0000,637.0000,,1431.0000,101.0000,393.0000,14,A,"Apple Inc. designs, manufactures, and markets mobile communication and media devices, personal computers, and portable digital music players to consumers, small and mid-sized businesses, and education, enterprise, and government customers worldwide.",Cupertino,334220,3663
001690,20010630,2001,3,9,INDL,C,D,STD,AAPL,APPLE INC,USD,2001Q2,2001Q3,6071.0000,3858.0000,4218.0000,,350.4740,0.0000,317.0000,42.0000,68.0000,347.0000,598.0000,,1475.0000,122.0000,392.0000,14,A,"Apple Inc. designs, manufactures, and markets mobile communication and media devices, personal computers, and portable digital music players to consumers, small and mid-sized businesses, and education, enterprise, and government customers worldwide.",Cupertino,334220,3663
001690,20010930,2001,4,9,INDL,C,D,STD,AAPL,APPLE INC,USD,2001Q3,2001Q4,6021.0000,3920.0000,4336.0000,,350.9220,0.0000,317.0000,53.0000,83.0000,564.0000,466.0000,,1450.0000,116.0000,384.0000,14,A,"Apple Inc. designs, manufactures, and markets mobile communication and media devices, personal computers, and portable digital music players to consumers, small and mid-sized businesses, and education, enterprise, and government customers worldwide.",Cupertino,334220,3663
001690,20011231,2002,1,9,INDL,C,D,STD,AAPL,APPLE INC,USD,2001Q4,2002Q1,6122.0000,3966.0000,4367.0000,,352.4590,0.0000,315.0000,20.0000,48.0000,573.0000,498.0000,,1375.0000,113.0000,402.0000,14,A,"Apple Inc. designs, manufactures, and markets mobile communication and media devices, personal computers, and portable digital music players to consumers, small and mid-sized businesses, and education, enterprise, and government customers worldwide.",Cupertino,334220,3663
001690,20020331,2002,2,9,INDL,C,D,STD,AAPL,APPLE INC,USD,2002Q1,2002Q2,6264.0000,4014.0000,4309.0000,,354.0850,0.0000,311.0000,28.0000,57.0000,587.0000,644.0000,,1495.0000,111.0000,381.0000,14,A,"Apple Inc. designs, manufactures, and markets mobile communication and media devices, personal computers, and portable digital music players to consumers, small and mid-sized businesses, and education, enterprise, and government customers worldwide.",Cupertino,334220,3663
001690,20020630,2002,3,9,INDL,C,D,STD,AAPL,APPLE INC,USD,2002Q2,2002Q3,6293.0000,4066.0000,4306.0000,,358.8550,0.0000,316.0000,13.0000,41.0000,589.0000,626.0000,,1429.0000,106.0000,378.0000,14,A,"Apple Inc. designs, manufactures, and markets mobile communication and media devices, personal computers, and portable digital music players to consumers, small and mid-sized businesses, and education, enterprise, and government customers worldwide.",Cupertino,334220,3663
001690,20020930,2002,4,9,INDL,C,D,STD,AAPL,APPLE INC,USD,2002Q3,2002Q4,6298.0000,4095.0000,4337.0000,,358.9590,0.0000,316.0000,-15.0000,18.0000,621.0000,565.0000,,1443.0000,117.0000,396.0000,14,A,"Apple Inc. designs, manufactures, and markets mobile communication and media devices, personal computers, and portable digital music players to consumers, small and mid-sized businesses, and education, enterprise, and government customers worldwide.",Cupertino,334220,3663
001690,20021231,2003,1,9,INDL,C,D,STD,AAPL,APPLE INC,USD,2002Q4,2003Q1,6269.0000,4116.0000,4462.0000,,360.2570,0.0000,320.0000,-14.0000,17.0000,605.0000,591.0000,497.0000,1472.0000,121.0000,420.0000,14,A,"Apple Inc. designs, manufactures, and markets mobile communication and media devices, personal computers, and portable digital music players to consumers, small and mid-sized businesses, and education, enterprise, and government customers worldwide.",Cupertino,334220,3663
001690,20030331,2003,2,9,INDL,C,D,STD,AAPL,APPLE INC,USD,2003Q1,2003Q2,6361.0000,4139.0000,4526.0000,,365.5450,310.0000,0.0000,-1.0000,28.0000,619.0000,621.0000,492.0000,1475.0000,119.0000,419.0000,14,A,"Apple Inc. designs, manufactures, and markets mobile communication and media devices, personal computers, and portable digital music players to consumers, small and mid-sized businesses, and education, enterprise, and government customers worldwide.",Cupertino,334220,3663
001690,20030630,2003,3,9,INDL,C,D,STD,AAPL,APPLE INC,USD,2003Q2,2003Q3,6441.0000,4198.0000,4545.0000,,366.9930,307.0000,0.0000,9.0000,33.0000,639.0000,674.0000,568.0000,1545.0000,120.0000,419.0000,14,A,"Apple Inc. designs, manufactures, and markets mobile communication and media devices, personal computers, and portable digital music players to consumers, small and mid-sized businesses, and education, enterprise, and government customers worldwide.",Cupertino,334220,3663
001690,20030930,2003,4,9,INDL,C,D,STD,AAPL,APPLE INC,USD,2003Q3,2003Q4,6815.0000,4223.0000,4566.0000,,366.7270,304.0000,0.0000,31.0000,60.0000,669.0000,950.0000,766.0000,1715.0000,111.0000,425.0000,14,A,"Apple Inc. designs, manufactures, and markets mobile communication and media devices, personal computers, and portable digital music players to consumers, small and mid-sized businesses, and education, enterprise, and government customers worldwide.",Cupertino,334220,3663
001690,20031231,2004,1,9,INDL,C,D,STD,AAPL,APPLE INC,USD,2003Q4,2004Q1,6971.0000,4330.0000,4791.0000,,368.7610,302.0000,0.0000,74.0000,107.0000,684.0000,787.0000,586.0000,2006.0000,119.0000,462.0000,14,A,"Apple Inc. designs, manufactures, and markets mobile communication and media devices, personal computers, and portable digital music players to consumers, small and mid-sized businesses, and education, enterprise, and government customers worldwide.",Cupertino,334220,3663
001690,20040331,2004,2,9,INDL,C,D,STD,AAPL,APPLE INC,USD,2004Q1,2004Q2,6735.0000,4490.0000,4594.0000,,372.8550,0.0000,0.0000,62.0000,98.0000,687.0000,758.0000,585.0000,1909.0000,123.0000,468.0000,14,A,"Apple Inc. designs, manufactures, and markets mobile communication and media devices, personal computers, and portable digital music players to consumers, small and mid-sized businesses, and education, enterprise, and government customers worldwide.",Cupertino,334220,3663
001690,20040630,2004,3,9,INDL,C,D,STD,AAPL,APPLE INC,USD,2004Q2,2004Q3,7223.0000,4812.0000,4966.0000,,385.1920,0.0000,0.0000,80.0000,121.0000,684.0000,852.0000,629.0000,2014.0000,125.0000,479.0000,14,A,"Apple Inc. designs, manufactures, and markets mobile communication and media devices, personal computers, and portable digital music players to consumers, small and mid-sized businesses, and education, enterprise, and government customers worldwide.",Cupertino,334220,3663
001690,20040930,2004,4,9,INDL,C,D,STD,AAPL,APPLE INC,USD,2004Q3,2004Q4,8050.0000,5076.0000,5464.0000,,391.4440,0.0000,0.0000,133.0000,173.0000,707.0000,1050.0000,774.0000,2350.0000,122.0000,501.0000,14,A,"Apple Inc. designs, manufactures, and markets mobile communication and media devices, personal computers, and portable digital music players to consumers, small and mid-sized businesses, and education, enterprise, and government customers worldwide.",Cupertino,334220,3663
001690,20041231,2005,1,9,INDL,C,D,STD,AAPL,APPLE INC,USD,2004Q4,2005Q1,9362.0000,5790.0000,6448.0000,,404.5490,0.0000,0.0000,403.0000,444.0000,735.0000,1197.0000,865.0000,3490.0000,123.0000,593.0000,14,A,"Apple Inc. designs, manufactures, and markets mobile communication and media devices, personal computers, and portable digital music players to consumers, small and mid-sized businesses, and education, enterprise, and government customers worldwide.",Cupertino,334220,3663
001690,20050331,2005,2,9,INDL,C,D,STD,AAPL,APPLE INC,USD,2005Q1,2005Q2,10111.0000,6386.0000,7057.0000,,823.1370,0.0000,0.0000,397.0000,438.0000,742.0000,1242.0000,888.0000,3243.0000,120.0000,570.0000,14,A,"Apple Inc. designs, manufactures, and markets mobile communication and media devices, personal computers, and portable digital music players to consumers, small and mid-sized businesses, and education, enterprise, and government customers worldwide.",Cupertino,334220,3663
001690,20050630,2005,3,9,INDL,C,D,STD,AAPL,APPLE INC,USD,2005Q2,2005Q3,10488.0000,6821.0000,7526.0000,,827.9810,0.0000,0.0000,426.0000,472.0000,764.0000,1101.0000,827.0000,3520.0000,145.0000,618.0000,14,A,"Apple Inc. designs, manufactures, and markets mobile communication and media devices, personal computers, and portable digital music players to consumers, small and mid-sized businesses, and education, enterprise, and government customers worldwide.",Cupertino,334220,3663
001690,20050930,2005,4,9,INDL,C,D,STD,AAPL,APPLE INC,USD,2005Q3,2005Q4,11551.0000,7466.0000,8261.0000,,835.0190,0.0000,0.0000,417.0000,468.0000,817.0000,1312.0000,895.0000,3678.0000,147.0000,618.0000,14,A,"Apple Inc. designs, manufactures, and markets mobile communication and media devices, personal computers, and portable digital music players to consumers, small and mid-sized businesses, and education, enterprise, and government customers worldwide.",Cupertino,334220,3663
001690,20051231,2006,1,9,INDL,C,D,STD,AAPL,APPLE INC,USD,2005Q4,2006Q1,14181.0000,8380.0000,8707.0000,,845.6170,0.0000,0.0000,750.0000,802.0000,855.0000,2413.0000,1331.0000,5749.0000,182.0000,814.0000,14,A,"Apple Inc. designs, manufactures, and markets mobile communication and media devices, personal computers, and portable digital music players to consumers, small and mid-sized businesses, and education, enterprise, and government customers worldwide.",Cupertino,334220,3663
001690,20060331,2006,2,9,INDL,C,D,STD,AAPL,APPLE INC,USD,2006Q1,2006Q2,13911.0000,8682.0000,8226.0000,,849.1880,0.0000,0.0000,529.0000,579.0000,1005.0000,1984.0000,861.0000,4359.0000,176.0000,768.0000,14,A,"Apple Inc. designs, manufactures, and markets mobile communication and media devices, personal computers, and portable digital music players to consumers, small and mid-sized businesses, and education, enterprise, and government customers worldwide.",Cupertino,334220,3663
001690,20060630,2006,3,9,INDL,C,D,STD,AAPL,APPLE INC,USD,2006Q2,2006Q3,15114.0000,9330.0000,9176.0000,,852.9880,0.0000,0.0000,566.0000,623.0000,1197.0000,2094.0000,1089.0000,4370.0000,175.0000,759.0000,14,A,"Apple Inc. designs, manufactures, and markets mobile communication and media devices, personal computers, and portable digital music players to consumers, small and mid-sized businesses, and education, enterprise, and government customers worldwide.",Cupertino,334220,3663
001690,20060930,2006,4,9,INDL,C,D,STD,AAPL,APPLE INC,USD,2006Q3,2006Q4,17205.0000,9984.0000,10110.0000,,855.2630,0.0000,0.0000,608.0000,674.0000,1281.0000,2845.0000,1252.0000,4837.0000,179.0000,804.0000,14,A,"Apple Inc. designs, manufactures, and markets mobile communication and media devices, personal computers, and portable digital music players to consumers, small and mid-sized businesses, and education, enterprise, and government customers worldwide.",Cupertino,334220,3663
001690,20061231,2007,1,9,INDL,C,D,STD,AAPL,APPLE INC,USD,2006Q4,2007Q1,19461.0000,11228.0000,11869.0000,7159.0000,860.2200,0.0000,0.0000,1322.0000,1396.0000,1362.0000,3113.0000,1621.0000,7115.0000,184.0000,898.0000,14,A,"Apple Inc. designs, manufactures, and markets mobile communication and media devices, personal computers, and portable digital music players to consumers, small and mid-sized businesses, and education, enterprise, and government customers worldwide.",Cupertino,334220,3663
001690,20070331,2007,2,9,INDL,C,D,STD,AAPL,APPLE INC,USD,2007Q1,2007Q2,18711.0000,12261.0000,12577.0000,7095.0000,864.6930,0.0000,0.0000,986.0000,1055.0000,1409.0000,1667.0000,928.0000,5264.0000,183.0000,863.0000,14,A,"Apple Inc. designs, manufactures, and markets mobile communication and media devices, personal computers, and portable digital music players to consumers, small and mid-sized businesses, and education, enterprise, and government customers worldwide.",Cupertino,334220,3663
001690,20070630,2007,3,9,INDL,C,D,STD,AAPL,APPLE INC,USD,2007Q2,2007Q3,21647.0000,13404.0000,13767.0000,7118.0000,869.1620,0.0000,0.0000,1041.0000,1122.0000,1626.0000,2901.0000,1410.0000,5410.0000,208.0000,954.0000,14,A,"Apple Inc. designs, manufactures, and markets mobile communication and media devices, personal computers, and portable digital music players to consumers, small and mid-sized businesses, and education, enterprise, and government customers worldwide.",Cupertino,334220,3663
001690,20070930,2007,4,9,INDL,C,D,STD,AAPL,APPLE INC,USD,2007Q3,2007Q4,25347.0000,14532.0000,15386.0000,9352.0000,872.3290,0.0000,0.0000,1060.0000,1153.0000,1832.0000,4029.0000,1637.0000,6217.0000,207.0000,1030.0000,14,A,"Apple Inc. designs, manufactures, and markets mobile communication and media devices, personal computers, and portable digital music players to consumers, small and mid-sized businesses, and education, enterprise, and government customers worldwide.",Cupertino,334220,3663
001690,20071231,2008,1,9,INDL,C,D,STD,AAPL,APPLE INC,USD,2007Q4,2008Q1,30039.0000,16804.0000,18448.0000,9162.0000,878.6290,0.0000,0.0000,2126.0000,2232.0000,1870.0000,4422.0000,1939.0000,9608.0000,246.0000,1206.0000,14,A,"Apple Inc. designs, manufactures, and markets mobile communication and media devices, personal computers, and portable digital music players to consumers, small and mid-sized businesses, and education, enterprise, and government customers worldwide.",Cupertino,334220,3663
001690,20080331,2008,2,9,INDL,C,D,STD,AAPL,APPLE INC,USD,2008Q1,2008Q2,30471.0000,18053.0000,19448.0000,9070.0000,881.4310,0.0000,0.0000,1315.0000,1431.0000,1962.0000,3620.0000,1593.0000,7512.0000,273.0000,1159.0000,14,A,"Apple Inc. designs, manufactures, and markets mobile communication and media devices, personal computers, and portable digital music players to consumers, small and mid-sized businesses, and education, enterprise, and government customers worldwide.",Cupertino,334220,3663
001690,20080630,2008,3,9,INDL,C,D,STD,AAPL,APPLE INC,USD,2008Q2,2008Q3,31709.0000,19622.0000,20774.0000,9373.0000,885.7470,0.0000,0.0000,1392.0000,1509.0000,2177.0000,3245.0000,1603.0000,7464.0000,292.0000,1208.0000,14,A,"Apple Inc. designs, manufactures, and markets mobile communication and media devices, personal computers, and portable digital music players to consumers, small and mid-sized businesses, and education, enterprise, and government customers worldwide.",Cupertino,334220,3663
001690,20080930,2008,4,9,INDL,C,D,STD,AAPL,APPLE INC,USD,2008Q3,2008Q4,39572.0000,21030.0000,24490.0000,11875.0000,888.3260,0.0000,0.0000,1442.0000,1576.0000,2455.0000,4704.0000,2422.0000,7895.0000,298.0000,1297.0000,14,A,"Apple Inc. designs, manufactures, and markets mobile communication and media devices, personal computers, and portable digital music players to consumers, small and mid-sized businesses, and education, enterprise, and government customers worldwide.",Cupertino,334220,3663
001690,20081231,2009,1,9,INDL,C,D,STD,AAPL,APPLE INC,USD,2008Q4,2009Q1,42787.0000,22909.0000,25647.0000,7236.0000,890.4150,0.0000,0.0000,3101.0000,3269.0000,2580.0000,3413.0000,2196.0000,11880.0000,315.0000,1406.0000,14,A,"Apple Inc. designs, manufactures, and markets mobile communication and media devices, personal computers, and portable digital music players to consumers, small and mid-sized businesses, and education, enterprise, and government customers worldwide.",Cupertino,334220,3663
001690,20090331,2009,2,9,INDL,C,D,STD,AAPL,APPLE INC,USD,2009Q1,2009Q2,43237.0000,24311.0000,25013.0000,4466.0000,891.9120,0.0000,0.0000,2323.0000,2504.0000,2546.0000,3036.0000,1932.0000,9084.0000,319.0000,1304.0000,14,A,"Apple Inc. designs, manufactures, and markets mobile communication and media devices, personal computers, and portable digital music players to consumers, small and mid-sized businesses, and education, enterprise, and government customers worldwide.",Cupertino,334220,3663
001690,20090630,2009,3,9,INDL,C,D,STD,AAPL,APPLE INC,USD,2009Q2,2009Q3,48140.0000,25888.0000,24222.0000,5605.0000,895.7350,0.0000,0.0000,2632.0000,2814.0000,2653.0000,4180.0000,2686.0000,9734.0000,341.0000,1351.0000,14,A,"Apple Inc. designs, manufactures, and markets mobile communication and media devices, personal computers, and portable digital music players to consumers, small and mid-sized businesses, and education, enterprise, and government customers worldwide.",Cupertino,334220,3663
001690,20090930,2009,4,9,INDL,C,D,STD,AAPL,APPLE INC,USD,2009Q3,2009Q4,47501.0000,31640.0000,23464.0000,5263.0000,899.8060,0.0000,0.0000,3684.0000,3887.0000,2954.0000,5057.0000,3361.0000,12207.0000,358.0000,1421.0000,14,A,"Apple Inc. designs, manufactures, and markets mobile communication and media devices, personal computers, and portable digital music players to consumers, small and mid-sized businesses, and education, enterprise, and government customers worldwide.",Cupertino,334220,3663
001690,20091231,2010,1,9,INDL,C,D,STD,AAPL,APPLE INC,USD,2009Q4,2010Q1,53926.0000,35768.0000,24796.0000,7609.0000,906.2820,0.0000,0.0000,4725.0000,4934.0000,3115.0000,4881.0000,3090.0000,15683.0000,398.0000,1686.0000,14,A,"Apple Inc. designs, manufactures, and markets mobile communication and media devices, personal computers, and portable digital music players to consumers, small and mid-sized businesses, and education, enterprise, and government customers worldwide.",Cupertino,334220,3663
001690,20100331,2010,2,9,INDL,C,D,STD,AAPL,APPLE INC,USD,2010Q1,2010Q2,57057.0000,39348.0000,23155.0000,10018.0000,909.6360,0.0000,0.0000,3979.0000,4195.0000,3504.0000,4629.0000,2886.0000,13499.0000,426.0000,1646.0000,14,A,"Apple Inc. designs, manufactures, and markets mobile communication and media devices, personal computers, and portable digital music players to consumers, small and mid-sized businesses, and education, enterprise, and government customers worldwide.",Cupertino,334220,3663
001690,20100630,2010,3,9,INDL,C,D,STD,AAPL,APPLE INC,USD,2010Q2,2010Q3,64725.0000,43111.0000,24288.0000,9705.0000,913.4820,0.0000,0.0000,4234.0000,4507.0000,3990.0000,6399.0000,3447.0000,15700.0000,464.0000,1902.0000,14,A,"Apple Inc. designs, manufactures, and markets mobile communication and media devices, personal computers, and portable digital music players to consumers, small and mid-sized businesses, and education, enterprise, and government customers worldwide.",Cupertino,334220,3663
001690,20100930,2010,4,9,INDL,C,D,STD,AAPL,APPLE INC,USD,2010Q3,2010Q4,75183.0000,47791.0000,25620.0000,11261.0000,915.9700,0.0000,0.0000,5447.0000,5776.0000,4768.0000,9924.0000,5510.0000,20343.0000,494.0000,2065.0000,14,A,"Apple Inc. designs, manufactures, and markets mobile communication and media devices, personal computers, and portable digital music players to consumers, small and mid-sized businesses, and education, enterprise, and government customers worldwide.",Cupertino,334220,3663
001690,20101231,2011,1,9,INDL,C,D,STD,AAPL,APPLE INC,USD,2010Q4,2011Q1,86742.0000,54666.0000,26977.0000,10734.0000,921.0350,0.0000,0.0000,7827.0000,8183.0000,5868.0000,10874.0000,6027.0000,26741.0000,575.0000,2471.0000,14,A,"Apple Inc. designs, manufactures, and markets mobile communication and media devices, personal computers, and portable digital music players to consumers, small and mid-sized businesses, and education, enterprise, and government customers worldwide.",Cupertino,334220,3663
001690,20110331,2011,2,9,INDL,C,D,STD,AAPL,APPLE INC,USD,2011Q1,2011Q2,94904.0000,61477.0000,29234.0000,15978.0000,924.6740,0.0000,0.0000,7874.0000,8308.0000,6241.0000,11095.0000,5798.0000,24667.0000,581.0000,2344.0000,14,A,"Apple Inc. designs, manufactures, and markets mobile communication and media devices, personal computers, and portable digital music players to consumers, small and mid-sized businesses, and education, enterprise, and government customers worldwide.",Cupertino,334220,3663
001690,20110630,2011,3,9,INDL,C,D,STD,AAPL,APPLE INC,USD,2011Q2,2011Q3,106758.0000,69343.0000,28395.0000,12091.0000,926.9040,0.0000,0.0000,9379.0000,9860.0000,6749.0000,11471.0000,6102.0000,28571.0000,628.0000,2543.0000,14,A,"Apple Inc. designs, manufactures, and markets mobile communication and media devices, personal computers, and portable digital music players to consumers, small and mid-sized businesses, and education, enterprise, and government customers worldwide.",Cupertino,334220,3663
001690,20110930,2011,4,9,INDL,C,D,STD,AAPL,APPLE INC,USD,2011Q3,2011Q4,116371.0000,76615.0000,25952.0000,9815.0000,929.2770,0.0000,0.0000,8710.0000,9253.0000,7777.0000,11717.0000,5369.0000,28270.0000,645.0000,2670.0000,14,A,"Apple Inc. designs, manufactures, and markets mobile communication and media devices, personal computers, and portable digital music players to consumers, small and mid-sized businesses, and education, enterprise, and government customers worldwide.",Cupertino,334220,3663
001690,20111231,2012,1,9,INDL,C,D,STD,AAPL,APPLE INC,USD,2011Q4,2012Q1,138681.0000,90054.0000,30156.0000,10310.0000,932.2140,0.0000,0.0000,17340.0000,18061.0000,7816.0000,16484.0000,8930.0000,46333.0000,758.0000,3363.0000,14,A,"Apple Inc. designs, manufactures, and markets mobile communication and media devices, personal computers, and portable digital music players to consumers, small and mid-sized businesses, and education, enterprise, and government customers worldwide.",Cupertino,334220,3663
001690,20120331,2012,2,9,INDL,C,D,STD,AAPL,APPLE INC,USD,2012Q1,2012Q2,150934.0000,102498.0000,28538.0000,10121.0000,934.9820,0.0000,0.0000,15384.0000,16124.0000,8847.0000,13769.0000,7042.0000,39186.0000,841.0000,3180.0000,14,A,"Apple Inc. designs, manufactures, and markets mobile communication and media devices, personal computers, and portable digital music players to consumers, small and mid-sized businesses, and education, enterprise, and government customers worldwide.",Cupertino,334220,3663
001690,20120630,2012,3,9,INDL,C,D,STD,AAPL,APPLE INC,USD,2012Q2,2012Q3,162896.0000,111746.0000,27654.0000,7945.0000,937.2660,0.0000,0.0000,11573.0000,12408.0000,10487.0000,14298.0000,7657.0000,35023.0000,876.0000,3421.0000,14,A,"Apple Inc. designs, manufactures, and markets mobile communication and media devices, personal computers, and portable digital music players to consumers, small and mid-sized businesses, and education, enterprise, and government customers worldwide.",Cupertino,334220,3663
001690,20120930,2012,4,9,INDL,C,D,STD,AAPL,APPLE INC,USD,2012Q3,2012Q4,176064.0000,118210.0000,29129.0000,10746.0000,939.2080,0.0000,0.0000,10944.0000,11925.0000,15452.0000,18692.0000,10930.0000,35966.0000,906.0000,3457.0000,14,A,"Apple Inc. designs, manufactures, and markets mobile communication and media devices, personal computers, and portable digital music players to consumers, small and mid-sized businesses, and education, enterprise, and government customers worldwide.",Cupertino,334220,3663
001690,20121231,2013,1,9,INDL,C,D,STD,AAPL,APPLE INC,USD,2012Q4,2013Q1,196088.0000,127346.0000,39820.0000,16154.0000,938.9730,0.0000,0.0000,17210.0000,18798.0000,15422.0000,21534.0000,11598.0000,54512.0000,1010.0000,3850.0000,14,A,"Apple Inc. designs, manufactures, and markets mobile communication and media devices, personal computers, and portable digital music players to consumers, small and mid-sized businesses, and education, enterprise, and government customers worldwide.",Cupertino,334220,3663
001690,20130331,2013,2,9,INDL,C,D,STD,AAPL,APPLE INC,USD,2013Q1,2013Q2,194743.0000,135490.0000,39137.0000,12053.0000,940.0940,0.0000,0.0000,12558.0000,14250.0000,15026.0000,13336.0000,7084.0000,43603.0000,1119.0000,3791.0000,14,A,"Apple Inc. designs, manufactures, and markets mobile communication and media devices, personal computers, and portable digital music players to consumers, small and mid-sized businesses, and education, enterprise, and government customers worldwide.",Cupertino,334220,3663
001690,20130630,2013,3,9,INDL,C,D,STD,AAPL,APPLE INC,USD,2013Q2,2013Q3,199856.0000,123354.0000,42606.0000,11248.0000,908.4420,0.0000,16958.0000,9201.0000,10895.0000,16327.0000,13453.0000,8839.0000,35323.0000,1178.0000,3823.0000,14,A,"Apple Inc. designs, manufactures, and markets mobile communication and media devices, personal computers, and portable digital music players to consumers, small and mid-sized businesses, and education, enterprise, and government customers worldwide.",Cupertino,334220,3663
001690,20130930,2013,4,9,INDL,C,D,STD,AAPL,APPLE INC,USD,2013Q3,2013Q4,207000.0000,123549.0000,40546.0000,14259.0000,899.2130,0.0000,16960.0000,10030.0000,11813.0000,16597.0000,20641.0000,13102.0000,37472.0000,1168.0000,3841.0000,14,A,"Apple Inc. designs, manufactures, and markets mobile communication and media devices, personal computers, and portable digital music players to consumers, small and mid-sized businesses, and education, enterprise, and government customers worldwide.",Cupertino,334220,3663
001690,20131231,2014,1,9,INDL,C,D,STD,AAPL,APPLE INC,USD,2013Q4,2014Q1,225184.0000,129684.0000,40711.0000,14077.0000,892.4470,0.0000,16961.0000,17463.0000,19607.0000,15488.0000,25198.0000,14200.0000,57594.0000,1330.0000,4383.0000,14,A,"Apple Inc. designs, manufactures, and markets mobile communication and media devices, personal computers, and portable digital music players to consumers, small and mid-sized businesses, and education, enterprise, and government customers worldwide.",Cupertino,334220,3663
001690,20140331,2014,2,9,INDL,C,D,STD,AAPL,APPLE INC,USD,2014Q1,2014Q2,205989.0000,120179.0000,41350.0000,18949.0000,861.7450,0.0000,16962.0000,13593.0000,15480.0000,15120.0000,15820.0000,9700.0000,45646.0000,1422.0000,4354.0000,14,A,"Apple Inc. designs, manufactures, and markets mobile communication and media devices, personal computers, and portable digital music players to consumers, small and mid-sized businesses, and education, enterprise, and government customers worldwide.",Cupertino,334220,3663
001690,20140630,2014,3,9,INDL,C,D,STD,AAPL,APPLE INC,USD,2014Q2,2014Q3,222520.0000,120940.0000,37805.0000,12977.0000,5989.1710,2010.0000,29030.0000,10282.0000,12228.0000,17585.0000,16841.0000,10788.0000,37432.0000,1603.0000,4453.0000,14,A,"Apple Inc. designs, manufactures, and markets mobile communication and media devices, personal computers, and portable digital music players to consumers, small and mid-sized businesses, and education, enterprise, and government customers worldwide.",Cupertino,334220,3663
001690,20140930,2014,4,9,INDL,C,D,STD,AAPL,APPLE INC,USD,2014Q3,2014Q4,231839.0000,111547.0000,25077.0000,13844.0000,5866.1610,6308.0000,28987.0000,11165.0000,13134.0000,20624.0000,27219.0000,17460.0000,42123.0000,1686.0000,4844.0000,14,A,"Apple Inc. designs, manufactures, and markets mobile communication and media devices, personal computers, and portable digital music players to consumers, small and mid-sized businesses, and education, enterprise, and government customers worldwide.",Cupertino,334220,3663
001690,20141231,2015,1,9,INDL,C,D,STD,AAPL,APPLE INC,USD,2014Q4,2015Q1,261894.0000,123328.0000,32463.0000,19478.0000,5826.4190,3899.0000,32504.0000,24246.0000,26821.0000,20392.0000,29976.0000,16709.0000,74599.0000,1895.0000,5495.0000,14,A,"Apple Inc. designs, manufactures, and markets mobile communication and media devices, personal computers, and portable digital music players to consumers, small and mid-sized businesses, and education, enterprise, and government customers worldwide.",Cupertino,334220,3663
001690,20150331,2015,2,9,INDL,C,D,STD,AAPL,APPLE INC,USD,2015Q1,2015Q2,261194.0000,129006.0000,33096.0000,14489.0000,5762.2780,3799.0000,40072.0000,18278.0000,20757.0000,20151.0000,18164.0000,10905.0000,58010.0000,1918.0000,5378.0000,14,A,"Apple Inc. designs, manufactures, and markets mobile communication and media devices, personal computers, and portable digital music players to consumers, small and mid-sized businesses, and education, enterprise, and government customers worldwide.",Cupertino,334220,3663
001690,20150630,2015,3,9,INDL,C,D,STD,AAPL,APPLE INC,USD,2015Q2,2015Q3,273151.0000,125677.0000,34703.0000,15319.0000,5705.4000,6999.0000,47419.0000,14083.0000,17167.0000,21149.0000,19907.0000,10370.0000,49605.0000,2034.0000,5598.0000,14,A,"Apple Inc. designs, manufactures, and markets mobile communication and media devices, personal computers, and portable digital music players to consumers, small and mid-sized businesses, and education, enterprise, and government customers worldwide.",Cupertino,334220,3663
001690,20150930,2015,4,9,INDL,C,D,STD,AAPL,APPLE INC,USD,2015Q3,2015Q4,290479.0000,119355.0000,41601.0000,21120.0000,5578.7530,10999.0000,53463.0000,14623.0000,17742.0000,22471.0000,30343.0000,16849.0000,51501.0000,2220.0000,5925.0000,14,A,"Apple Inc. designs, manufactures, and markets mobile communication and media devices, personal computers, and portable digital music players to consumers, small and mid-sized businesses, and education, enterprise, and government customers worldwide.",Cupertino,334220,3663
001690,20151231,2016,1,9,INDL,C,D,STD,AAPL,APPLE INC,USD,2015Q4,2016Q1,293284.0000,128267.0000,38074.0000,16689.0000,5544.4870,9759.0000,53204.0000,23623.0000,26577.0000,22300.0000,24621.0000,12953.0000,75324.0000,2404.0000,6252.0000,14,A,"Apple Inc. designs, manufactures, and markets mobile communication and media devices, personal computers, and portable digital music players to consumers, small and mid-sized businesses, and education, enterprise, and government customers worldwide.",Cupertino,334220,3663
001690,20160331,2016,2,9,INDL,C,D,STD,AAPL,APPLE INC,USD,2016Q1,2016Q2,305277.0000,130457.0000,55283.0000,21514.0000,5478.4460,10498.0000,69374.0000,13987.0000,16464.0000,23203.0000,19824.0000,12229.0000,50557.0000,2511.0000,5934.0000,14,A,"Apple Inc. designs, manufactures, and markets mobile communication and media devices, personal computers, and portable digital music players to consumers, small and mid-sized businesses, and education, enterprise, and government customers worldwide.",Cupertino,334220,3663
001690,20160630,2016,3,9,INDL,C,D,STD,AAPL,APPLE INC,USD,2016Q2,2016Q3,305602.0000,126541.0000,61756.0000,18237.0000,5393.1650,15996.0000,68939.0000,10105.0000,12631.0000,25448.0000,19042.0000,11714.0000,42358.0000,2560.0000,6001.0000,14,A,"Apple Inc. designs, manufactures, and markets mobile communication and media devices, personal computers, and portable digital music players to consumers, small and mid-sized businesses, and education, enterprise, and government customers worldwide.",Cupertino,334220,3663
001690,20160930,2016,4,9,INDL,C,D,STD,AAPL,APPLE INC,USD,2016Q3,2016Q4,321686.0000,128249.0000,67155.0000,20484.0000,5336.1660,11605.0000,75427.0000,11761.0000,14309.0000,27010.0000,29299.0000,15754.0000,46852.0000,2570.0000,6052.0000,14,A,"Apple Inc. designs, manufactures, and markets mobile communication and media devices, personal computers, and portable digital music players to consumers, small and mid-sized businesses, and education, enterprise, and government customers worldwide.",Cupertino,334220,3663
001690,20161231,2017,1,9,INDL,C,D,STD,AAPL,APPLE INC,USD,2016Q4,2017Q1,331141.0000,132390.0000,60452.0000,16371.0000,5255.4230,13992.0000,73557.0000,23359.0000,26346.0000,26510.0000,27977.0000,14057.0000,78351.0000,2871.0000,6817.0000,14,A,"Apple Inc. designs, manufactures, and markets mobile communication and media devices, personal computers, and portable digital music players to consumers, small and mid-sized businesses, and education, enterprise, and government customers worldwide.",Cupertino,334220,3663
001690,20170331,2017,2,9,INDL,C,D,STD,AAPL,APPLE INC,USD,2017Q1,2017Q2,334532.0000,134082.0000,67101.0000,15157.0000,5205.8150,13991.0000,84531.0000,14097.0000,16429.0000,27163.0000,20612.0000,11579.0000,52896.0000,2776.0000,6494.0000,14,A,"Apple Inc. designs, manufactures, and markets mobile communication and media devices, personal computers, and portable digital music players to consumers, small and mid-sized businesses, and education, enterprise, and government customers worldwide.",Cupertino,334220,3663
001690,20170630,2017,3,9,INDL,C,D,STD,AAPL,APPLE INC,USD,2017Q2,2017Q3,345173.0000,132425.0000,76759.0000,18571.0000,5169.7820,18475.0000,89864.0000,10768.0000,13122.0000,29286.0000,22632.0000,12399.0000,45408.0000,2937.0000,6720.0000,14,A,"Apple Inc. designs, manufactures, and markets mobile communication and media devices, personal computers, and portable digital music players to consumers, small and mid-sized businesses, and education, enterprise, and government customers worldwide.",Cupertino,334220,3663
